<?xml version="1.0" encoding="UTF-8"?>
<databaseChangeLog
        xmlns:xsi="http://www.w3.org/2001/XMLSchema-instance"
        xmlns:ext="http://www.liquibase.org/xml/ns/dbchangelog-ext"
        xmlns="http://www.liquibase.org/xml/ns/dbchangelog"
        xsi:schemaLocation="http://www.liquibase.org/xml/ns/dbchangelog http://www.liquibase.org/xml/ns/dbchangelog/dbchangelog-3.1.xsd
        http://www.liquibase.org/xml/ns/dbchangelog-ext http://www.liquibase.org/xml/ns/dbchangelog/dbchangelog-ext.xsd">

    <property name="now" value="now()" dbms="mysql"/>

    <changeSet author="janani" id="1">
        <createTable tableName="teacher">
            <column autoIncrement="true" name="id" type="BIGINT">
                <constraints primaryKey="true"/>
            </column>
            <column name="name" type="VARCHAR(255)"/>
            <column name="email" type="VARCHAR(255)"/>
            <column name="password" type="VARCHAR(255)"/>
            <column name="phone_number" type="BIGINT"/>
            <column name="created_at" type="TIMESTAMP" defaultValueComputed="CURRENT_TIMESTAMP">
                <constraints nullable="false"/>
            </column>
            <column name="updated_at" type="TIMESTAMP" defaultValueComputed="CURRENT_TIMESTAMP">
                <constraints nullable="false"/>
            </column>
        </createTable>
    </changeSet>

    <changeSet author="janani" id="2">
        <createTable tableName="grade">
            <column autoIncrement="true" name="id" type="BIGINT">
                <constraints primaryKey="true"/>
            </column>
            <column name="name" type="VARCHAR(255)"/>
            <column name="teacher_id" type="BIGINT"/>
            <column name="created_at" type="TIMESTAMP" defaultValueComputed="CURRENT_TIMESTAMP">
                <constraints nullable="false"/>
            </column>
            <column name="updated_at" type="TIMESTAMP" defaultValueComputed="CURRENT_TIMESTAMP">
                <constraints nullable="false"/>
            </column>
        </createTable>
        <addForeignKeyConstraint baseTableName="grade" baseColumnNames="teacher_id"
                                 constraintName="teacher_fk" referencedTableName="teacher"
                                 referencedColumnNames="id" />
    </changeSet>

    <changeSet author="janani" id="3">
        <createTable tableName="classroom">
            <column autoIncrement="true" name="id" type="BIGINT">
                <constraints primaryKey="true"/>
            </column>
            <column name="grade_id" type="BIGINT"/>
            <column name="section" type="CHAR(2)"/>
            <column name="created_at" type="TIMESTAMP" defaultValueComputed="CURRENT_TIMESTAMP">
                <constraints nullable="false"/>
            </column>
            <column name="updated_at" type="TIMESTAMP" defaultValueComputed="CURRENT_TIMESTAMP">
                <constraints nullable="false"/>
            </column>
        </createTable>
        <addForeignKeyConstraint baseTableName="classroom" baseColumnNames="grade_id"
                                 constraintName="grade_fk" referencedTableName="grade"
                                 referencedColumnNames="id" />
    </changeSet>

    <changeSet author="janani" id="4">
        <createTable tableName="student">
            <column autoIncrement="true" name="id" type="BIGINT">
                <constraints primaryKey="true"/>
            </column>
            <column name="name" type="VARCHAR(255)"/>
            <column name="dob" type="VARCHAR(255)"/>
            <column name="created_at" type="TIMESTAMP" defaultValueComputed="CURRENT_TIMESTAMP">
                <constraints nullable="false"/>
            </column>
            <column name="updated_at" type="TIMESTAMP" defaultValueComputed="CURRENT_TIMESTAMP">
                <constraints nullable="false"/>
            </column>
        </createTable>
    </changeSet>

    <changeSet author="janani" id="5">
        <createTable tableName="class_student">
            <column autoIncrement="true" name="id" type="BIGINT">
                <constraints primaryKey="true"/>
            </column>
            <column name="classroom_id" type="BIGINT"/>
            <column name="student_id" type="BIGINT"/>
            <column name="created_at" type="TIMESTAMP" defaultValueComputed="CURRENT_TIMESTAMP">
                <constraints nullable="false"/>
            </column>
            <column name="updated_at" type="TIMESTAMP" defaultValueComputed="CURRENT_TIMESTAMP">
                <constraints nullable="false"/>
            </column>
        </createTable>
        <addForeignKeyConstraint baseTableName="class_student" baseColumnNames="student_id"
                                 constraintName="class_student_fk" referencedTableName="student"
                                 referencedColumnNames="id" />
        <addForeignKeyConstraint baseTableName="class_student" baseColumnNames="classroom_id"
                                 constraintName="classroom_fk" referencedTableName="classroom"
                                 referencedColumnNames="id" />
    </changeSet>

    <changeSet author="janani" id="6">
        <createTable tableName="attendance">
            <column autoIncrement="true" name="id" type="BIGINT">
                <constraints primaryKey="true"/>
            </column>
            <column name="student_id" type="BIGINT"/>
            <column name="date" type="VARCHAR(255)"/>
            <column name="status" type="BOOLEAN"/>
            <column name="created_at" type="TIMESTAMP" defaultValueComputed="CURRENT_TIMESTAMP">
                <constraints nullable="false"/>
            </column>
            <column name="updated_at" type="TIMESTAMP" defaultValueComputed="CURRENT_TIMESTAMP">
                <constraints nullable="false"/>
            </column>
        </createTable>
        <addForeignKeyConstraint baseTableName="attendance" baseColumnNames="student_id"
                                 constraintName="student_fk" referencedTableName="student"
                                 referencedColumnNames="id" />
    </changeSet>

    <changeSet author="janani" id="7">
        <createTable tableName="subject">
            <column autoIncrement="true" name="id" type="BIGINT">
                <constraints primaryKey="true"/>
            </column>
            <column name="name" type="VARCHAR(255)"/>
            <column name="created_at" type="TIMESTAMP" defaultValueComputed="CURRENT_TIMESTAMP">
                <constraints nullable="false"/>
            </column>
            <column name="updated_at" type="TIMESTAMP" defaultValueComputed="CURRENT_TIMESTAMP">
                <constraints nullable="false"/>
            </column>
        </createTable>
    </changeSet>

    <changeSet author="janani" id="8">
        <createTable tableName="subject_grade">
            <column autoIncrement="true" name="id" type="BIGINT">
                <constraints primaryKey="true"/>
            </column>
            <column name="grade_id" type="BIGINT"/>
            <column name="subject_id" type="BIGINT"/>
            <column name="created_at" type="TIMESTAMP" defaultValueComputed="CURRENT_TIMESTAMP">
                <constraints nullable="false"/>
            </column>
            <column name="updated_at" type="TIMESTAMP" defaultValueComputed="CURRENT_TIMESTAMP">
                <constraints nullable="false"/>
            </column>
        </createTable>
        <addForeignKeyConstraint baseTableName="subject_grade" baseColumnNames="grade_id"
                                 constraintName="subject_grade_fk" referencedTableName="grade"
                                 referencedColumnNames="id" />
        <addForeignKeyConstraint baseTableName="subject_grade" baseColumnNames="subject_id"
                                 constraintName="subject_fk" referencedTableName="subject"
                                 referencedColumnNames="id" />
    </changeSet>

    <changeSet author="janani" id="9">
        <createTable tableName="term">
            <column autoIncrement="true" name="id" type="BIGINT">
                <constraints primaryKey="true"/>
            </column>
            <column name="name" type="VARCHAR(255)"/>
            <column name="created_at" type="TIMESTAMP" defaultValueComputed="CURRENT_TIMESTAMP">
                <constraints nullable="false"/>
            </column>
            <column name="updated_at" type="TIMESTAMP" defaultValueComputed="CURRENT_TIMESTAMP">
                <constraints nullable="false"/>
            </column>
        </createTable>
    </changeSet>

    <changeSet author="janani" id="10">
        <createTable tableName="result">
            <column autoIncrement="true" name="id" type="BIGINT">
                <constraints primaryKey="true"/>
            </column>
            <column name="student_id" type="BIGINT"/>
            <column name="subject_id" type="BIGINT"/>
            <column name="term_id" type="BIGINT"/>
            <column name="marks" type="INT"/>
            <column name="created_at" type="TIMESTAMP" defaultValueComputed="CURRENT_TIMESTAMP">
                <constraints nullable="false"/>
            </column>
            <column name="updated_at" type="TIMESTAMP" defaultValueComputed="CURRENT_TIMESTAMP">
                <constraints nullable="false"/>
            </column>
        </createTable>
        <addForeignKeyConstraint baseTableName="result" baseColumnNames="student_id"
                                 constraintName="result_fk" referencedTableName="student"
                                 referencedColumnNames="id" />
        <addForeignKeyConstraint baseTableName="result" baseColumnNames="subject_id"
                                 constraintName="sub_fk" referencedTableName="subject"
                                 referencedColumnNames="id" />
        <addForeignKeyConstraint baseTableName="result" baseColumnNames="term_id"
                                 constraintName="term_fk" referencedTableName="term"
                                 referencedColumnNames="id" />
    </changeSet>
</databaseChangeLog>


